No	カテゴリー	機能タグ	タイトル	ねらい・学習効果
1	講義・復習	ファイルアップロード（PDF解析）	講義スライド（PDF）の構造化要約と重要キーワード解説	スライドから全体像・因果関係・定義を素早く把握
2	講義・復習	マルチモーダル画像解析	手書き板書・ホワイトボード写真のテキスト清書＆論理補完	板書写真から文字起こしと文脈補完でデジタルノート化
3	講義・復習	Gems / 対話型チューター設定	ソクラテス式対話による概念理解チューター（答えを教えず導く）	問答を通じて本質的な自力理解を促す対話指導
4	講義・復習	テキスト生成・段階的抽象化	専門用語の3段階解説（小学生・高校生・大学生レベル）	難解な概念を日常の例えから学術レベルまで噛み砕き
5	講義・復習	Workspace連携 / 音声ファイル解析	講義録音や参考動画のタイムスタンプ付き要点整理	動画・音声からタイムスタンプ付き目次と要点を抽出
6	講義・復習	Canvas / 推論モデル	期末試験・小テストの類題・模擬試験問題ジェネレーター	単元に応じた4択・記述・計算の大問と解答解説を作成
7	講義・復習	コード実行機能 / Python連携	難解な数式・アルゴリズムの直観的ビジュアル解説＆ステップ実行	数式の物理的意味の解剖とPython可視化コード提示
8	講義・復習	論理整理・対話推論	講義内容の疑問点解消Q&Aジェネレーター（教授質問前の壁打ち）	疑問の所在を整理し教授への失礼のない質問文を策定
9	講義・復習	Web検索連動 / 概要化	シラバスと教科書目次からの「事前予習ブリーフィング」作成	次回講義の背景・前提知識・注目すべき問いを整理
10	講義・復習	複合コンテキスト統合	学際的つながり発見プロンプト（履修中の別講義とのシナジー創出）	2つの講義の接点・相違点を分析し研究テーマを発掘
11	講義・復習	多面的シミュレーション	ゼミ・グループディスカッションの発言アイデア＆論点整理	対立軸・批判的視点・30秒発言スクリプトを準備
12	講義・復習	テキスト読解・歴史的コンテキスト付与	難解な原典・哲学テキスト・古典の現代語訳＆文脈解題	古典文献を平易な日本語に意訳し現代への示唆を解説
13	講義・復習	Mermaid図生成 / リスクアセスメント	理系実験手順書のフローチャート化＆安全リスク・チェックリスト生成	手順のMermaid図・危険予知・失敗防止策を整理
14	講義・復習	データ整形 / CSV出力	暗記用フラッシュカード（Anki/Quizlet対応CSV）自動生成	ノートから単語帳アプリに取り込める一問一答CSV作成
15	講義・復習	マインドマップ生成 / 構造化思考	講義全体の板書・概念関係をMermaid形式マインドマップへ構造化	散らばった講義知識を階層構造マインドマップで可視化
16	レポート・論文	Canvas / 思考深化	レポートの「問い（リサーチ・クエスチョン）」の壁打ちと具体化	漠然とした関心から検証可能な鋭い学術的問いへ具体化
17	レポート・論文	ファイルアップロード（論文PDF解析）	学術論文PDFの多角的一括分析（新規性・手法・限界・示唆の抽出）	英語・日本語論文から背景・目的・手法・結果・限界を抽出
18	レポート・論文	論理構造レビュー / Canvas	レポート構成案（章立て）のロジカルチェック＆論理の飛躍検証	アウトラインの論理破綻・根拠不足・結論の整合性を検証
19	レポート・論文	批判的思考（クリティカル・シンキング）	デビルズ・アドボケイト（悪魔の代弁者：徹底的な反論・反証提示）	主張の弱点や暗黙の前提に対する厳格な反論と防衛策
20	レポート・論文	Canvas / スタイル変換	アカデミック・ライティングへの表現推敲＆トーン・マナー校正	口語・感想表現を客観的かつ引き締まった学術表現へ変換
21	レポート・論文	フォーマット変換 / ルール準拠	文献引用フォーマット自動整形（APA, MLA, SIST02, シカゴ対応）	バラバラな書誌情報を指定の学術引用スタイルへ統一
22	レポート・論文	画像認識 / データ分析記述	図表・グラフの学術的解釈と言語化サポート（結果と考察の書き分け）	実験グラフから「事実（結果）」と「意味づけ（考察）」を分離
23	レポート・論文	高度翻訳 / 論文サマリー	英語論文アブストラクト（要旨）の多言語相互翻訳＆洗練	日本語要旨を国際基準のAcademic Englishへ翻訳推敲
24	レポート・論文	プレゼン設計 / スクリプト作成	ゼミ・学会発表スライドのストーリー構成（構成案＆台本）作成	10分発表用のスライド骨子・原稿・予想質疑応答を設計
25	レポート・論文	統計分析アドバイス / 推論	統計分析手法の選定ガイド（データの尺度と目的に応じた判定）	変数の尺度に応じた適切な統計検定法とコード例を提示
26	レポート・論文	Deep Research / 比較表生成	先行研究レビュー（文献サーベイ）のマトリクス比較表作成	複数論文の対象・手法・結論・限界を横断比較表に整理
27	レポート・論文	要約・言語変換	専門知識のない一般読者向けプレーン・ランゲージ要約	専門研究を非専門家や面接官に3分で伝える平易な解説
28	レポート・論文	倫理チェック / 整合性検証	レポートの剽窃（コピペ）・論理破綻セルフチェック用プロンプト	提出前の引用適切性・根拠なき断定・不自然表現を監査
29	レポート・論文	スケジュール設計 / プロジェクト管理	研究計画書（プロポーザル）のマイルストーン＆ガントチャート設計	締切から逆算した月別・フェーズ別マイルストーンを策定
30	レポート・論文	ドキュメント構造化 / レジュメ生成	ゼミ・輪講用レジュメ（ハンドアウト資料）のA4・1枚フォーマット作成	論文要点をA4・1〜2枚（背景・要約・評価・問い）に集約
31	就活・キャリア	Gems / 対話型コーチング	自己分析：STAR法による学生時代に力を入れたこと（ガクチカ）深掘り	アルバイト等の経験からSTAR法で400字ES文を構築
32	就活・キャリア	論理フレームワーク / ES作成	志望動機の論理三段跳び構築（「なぜ業界・企業・自分なのか」）	業界・企業の差別化と原体験を論理的に結節した志望動機
33	就活・キャリア	Deep Research / ファイル解析	企業IR・有価証券報告書の要約と「中期経営計画」からの重要論点抽出	IR資料から稼ぎ頭・重点成長分野・経営リスクを抽出
34	就活・キャリア	Gemini Live / 音声対話 / Gems	AI模擬面接官（厳しめ・深掘り質問のリアルタイムロールプレイ）	1問ずつの深掘りと終了後の合否目安・フィードバック
35	就活・キャリア	戦略的プロンプト / 差別化	面接最後の「逆質問」ジェネレーター（熱意と知性を伝える鋭い問い）	役職（経営陣／現場／人事）に応じた知的な逆質問を作成
36	就活・キャリア	多人数ロールプレイ / ファシリテーション	インターンシップ・グループディスカッション（GD）対策シミュレーター	時間配分・前提定義・議論脱線時のキラーフレーズを網羅
37	就活・キャリア	リフレーミング / 自己分析	挫折経験・短所のリフレーミング（自己PRへのポジティブ昇華）	短所や挫折を向上心・具体的な再発防止ルールへ昇華
38	就活・キャリア	ビジネスマナー / 文書生成	OB/OG訪問の依頼メール・事前質問シート・御礼メール完全パッケージ	アポ取り・事前質問・訪問後御礼のビジネスマナー3点セット
39	就活・キャリア	Deep Research / 競合分析	業界研究・競合3社のSWOT分析＆ポジショニングマップ言語化	大手3社の強み・弱み・社風・ポジショニングを比較分析
40	就活・キャリア	推論・ステップバイステップ解説	Webテスト・SPI「非言語分野（推論・確率・損益算）」の解法プロセス徹底解説	非言語問題を解法分類・途中式省略なしでステップ解説
41	就活・キャリア	ビジネスマナー / 状況別テンプレート	内定承諾・辞退・面接日程変更のビジネスマナーメール作成	日程変更や内定辞退を誠意をもって角を立てずに伝える
42	就活・キャリア	作品解説 / 訴求力向上	ポートフォリオ・制作物のキャプション＆PRストーリー作成	制作物の課題背景・工夫・成果を面接官に刺さるPR文に
43	就活・キャリア	キャリアカウンセリング / 自己理解	就活の「軸（キャリアアンカー）」言語化ブレインストーミング	過去の熱中体験や違和感から自分固有の企業選びの軸を発掘
44	就活・キャリア	フィードバック分析 / メンタルケア	お祈りメール（不採用通知）の客観的敗因分析とメンタルリセット	不採用の要因を冷静に仮説検証し次回の改善策を策定
45	就活・キャリア	多面的進路シミュレーション	大学院進学 vs 就職のキャリアパス比較シミュレーター	学部卒と院卒の生涯賃金・職種・機会費用を多角的に比較
46	語学・資格	言語解析 / 構文分解	TOEIC/TOEFL長文読解の精読・英文解釈・スラッシュリーディング	チャンク区切り・構文解析（SVOC）・語彙解説で返り読みを防止
47	語学・資格	Gemini Live / 音声双方向対話	Gemini Liveを活用した英会話スピーキング特訓パートナー	簡潔な返答と質問、優しい間違い指摘による英会話練習
48	語学・資格	Canvas / 英文校正	英文エッセイのネイティブ添削（文法・不自然なコロケーション・学術トーン）	文法ミスや不自然な連語を学術的な自然な英語に修正
49	語学・資格	発音指導 / 音声学アプローチ	英語シャドーイング用スクリプト作成と音声変化（リンキング・脱落）解説	リンキングやリダクションなどの音声変化を可視化解説
50	語学・資格	記憶術（ニーモニック） / クリエイティブ生成	資格試験（ITパスポート、簿記、基本情報等）の暗記用「語呂合わせ」生成	覚えにくい用語やアルゴリズムを語呂合わせとストーリーで定着
51	語学・資格	シナリオ対話 / 文化対応	留学先シチュエーション別リアル英会話ロールプレイ（オフィスアワー・ルームメイト）	期限延長交渉や生活トラブルを想定した実践的な英会話訓練
52	語学・資格	SOP設計 / 海外大学院・交換留学	留学志望理由書（Statement of Purpose: SOP）の構成＆ストーリー構築	国際標準の5段落構成で説得力ある出願志望理由書を作成
53	語学・資格	第二外国語指導 / 比較言語学	第二外国語（中国語・仏・独・韓・西等）の文法つまずきポイント解消コーチ	格変化や時制など日本人がつまずきやすい項目を整理解説
54	語学・資格	語彙ビルディング / 専門英語	学術・専門分野別英単語リスト＆例文自動生成（大学院・専門講義対策）	専攻分野の英語論文を読むための頻出学術用語リスト作成
55	語学・資格	Web検索連動 / リーディング指導	海外ニュース記事（BBC, CNN, Nature等）を題材にした多読・要約トレーニング	時事英語ニュースの要約・読解問題・ディスカッション演習
56	開発・IT	デバッグ / コード実行	プログラミングのエラーログ・スタックトレースのトラブルシューティング	エラー文の意味・原因特定・修正コード・予防策を提示
57	開発・IT	コード品質向上 / Canvas	Pythonコードのリファクタリング（可読性向上・PEP8準拠・高速化）	命名改善・ネスト削減・型ヒント付与で保守性の高いコードへ改善
58	開発・IT	コード生成 / 仕様設計	自然言語の仕様・要件定義からアルゴリズム実装＆解説	仕様要件から関数設計・例外処理・テスト用コードを自動生成
59	開発・IT	アルゴリズム理解 / トレース	初心者向けデータ構造とアルゴリズムのステップバイステップ実行シミュレーション	ソートや二分木等の変数値・ポインタの推移を1手ずつ可視化
60	開発・IT	データ分析 / Python可視化	Pandas / Matplotlib / Seabornによるオープンデータ可視化＆基礎分析	欠損値処理・要約統計量・散布図・相関ヒートマップの描画
61	開発・IT	テストコード作成 / ソフトウェア品質	ユニットテスト（pytest / unittest）の自動生成と境界値分析	正常系および境界値・異常系を網羅した単体テストを自動作成
62	開発・IT	データベース / SQLチューニング	SQLクエリの作成・パフォーマンス最適化（EXPLAIN解説付き）	JOINや集計を含むクエリ作成とインデックス最適化アドバイス
63	開発・IT	Webプロトタイピング / Canvas	フロントエンドWeb開発（HTML/CSS/JavaScript/React）のプロトタイプ作成	単一コードで即座にブラウザ動作する動的WebアプリUIを生成
64	開発・IT	Git/GitHubガイド / チーム開発	Gitコマンド＆GitHub運用（コンフリクト解消・ブランチ運用）のトラブルシューティング	競合解消やコミット取り消しの安全なコマンド手順を解説
65	開発・IT	環境構築 / OS別ガイド	開発環境構築（Docker / WSL2 / venv）の初心者向け完全手順ガイド	OSに応じたコマンド付きステップバイステップ環境構築手順書
66	学生生活	意思決定支援 / スケジュール最適化	履修登録シミュレーションと単位取得・時間割バランス最適化	卒業要件・空きコマ・課題負荷を考慮した時間割テーブルを提案
67	学生生活	Google Workspace連携 / 逆算思考	試験期間のタスク逆算スケジュール設計（Googleカレンダー連携）	試験日・締切から日別勉強時間とポモドーロ時間割を逆算
68	学生生活	プロジェクトマネジメント / 企画書作成	サークル・学園祭イベントの企画書＆タイムテーブル・役割分担表作成	出店や新歓のタイムテーブル・役割分担・リスク管理表を作成
69	学生生活	スプレッドシート設計 / 会計管理	部費・イベント収支予算書（Googleスプレッドシート用計算式付き）作成	合宿・イベントの収支計算式（SUM/IF）付きTSVテンプレート作成
70	学生生活	マルチモーダル画像解析 / 生活支援	自炊・一人暮らしの「冷蔵庫の残り物写真」から時短・節約レシピ提案	冷蔵庫の写真からフライパン1つで作れる20分節約レシピを提案
71	学生生活	習慣化 / 行動科学	大学生活の生活リズム改善＆ポモドーロ・タイマー学習計画	昼夜逆転リセット・2分ルール・1週間の理想スケジュール設計
72	学生生活	旅程設計 / Googleマップ連携	サークル合宿・学生旅行のしおり作成＆予算・移動ルートシミュレーション	タイムライン旅程・概算費用内訳・持ち物リスト付きしおりを作成
73	学生生活	カウンセリング / アサーティブ・コミュニケーション	大学内の人間関係・友人・グループワークのモヤモヤ相談＆客観的助言	課題を進めないメンバーへの角を立てないLINE催促文と相談法
74	学生生活	Gemini Live / メンタルトレーニング	プレゼン発表前の緊張ほぐし・スピーチあがり症対策コーチ	発表直前の呼吸法・冒頭30秒のマインドセット・発声法を指導
75	学生生活	公的文書推敲 / 申請書作成	大学・財団・公募奨学金の「申請理由書・家庭環境調書」の推敲	経済的困窮度と向学心を誠実に伝える奨学金理由書の推敲
76	学生生活	SNSマーケティング / コピーライティング	サークル・学祭のSNS告知文（X / Instagram / TikTok）マルチプラットフォーム作成	各SNSの文化・アルゴリズムに最適化した新歓告知文を一括作成
77	学生生活	ビジネスマナー / 大学ルール	教授への連絡・相談メール（オフィスアワー予約・欠席連絡・推薦状依頼）	件名形式・時候の挨拶・配慮事項を押さえた失礼のない教授宛メール
78	学生生活	推薦アルゴリズム / 教養学習	大学生のうちに読むべき「教養・専門名著」キュレーション＆読書案内	専攻・異分野・現代社会・思考枠組みを深める名著5冊を推薦
79	学生生活	チェックリスト生成 / ライフハック	初めての一人暮らし・引っ越し準備チェックリスト＆初期費用節約術	時期別やることリスト・不要家具家電・初期費用節約テクニック
80	学生生活	目標管理 / セルフマネジメント	学期初めの目標設定（OKR / SMARTの法則）と振り返りシステムの構築	SMART法則に基づく学期目標・行動ルーティン・週末KPT振り返り