ID	元No	カテゴリ	タイトル	ねらい	推奨モデル	変数スロット	プロンプト本文	出力プレビュー	実践Tips
1	1	講義・復習	講義スライド（PDF）の構造化要約と重要キーワード解説	スライドから全体像・因果関係・定義を素早く把握	Gemini 3.1 Pro (Thinking)	[講義名や専攻], [重点対策したい項目]	【講義スライド構造化要約プロンプト】 \n 添付の講義スライド（PDF）を読み込み、大学の試験・レポート対策として以下の形式で要約・整理してください。 \n  \n 対象講義：[講義名や専攻] \n 重点分析項目：[重点対策したい項目] \n  \n 1. 【講義のコアメッセージ】（3行以内で本質を要約） \n 2. 【重要キーワード＆因果関係】 \n    - 各重要用語の定義 \n    - 用語同士がどう関係しているか（原因と結果、対比など） \n 3. 【期末試験・小テストで問われそうな論点】（予想問題3問と解答のポイント） \n 4. 【次回講義へのつながり・疑問点】 \n  \n ※難しい専門用語は日常の身近な例えを1つ添えて解説してください。	✦ コアメッセージ：市場メカニズムの限界と政府介入の必要性 \n ✦ 重要キーワード：外部性、ピグー税、コースの定理 \n ✦ 試験予想問：負の外部性が発生するメカニズムを図解せよ	スライドPDF（50枚以上でもOK）をGeminiにそのままドラッグ＆ドロップして実行してください。
2	2	講義・復習	手書き板書・ホワイトボード写真のテキスト清書＆論理補完	板書写真から文字起こしと文脈補完でデジタルノート化	Gemini 3.8 Flash	[講義名・科目]	【板書・ホワイトボード写真の清書＆論理補完】 \n 添付した講義の板書写真（手書き文字・図・数式）を解析し、綺麗なデジタル復習ノートとして清書してください。 \n  \n 科目：[講義名・科目] \n  \n 【出力要件】 \n 1. 【板書のテキスト書き起こし】： \n    - 略字や矢印などの記号を論理的な文章に復元 \n    - 数式は正確にLaTeX表記で記述 \n 2. 【講義文脈の論理補完】： \n    - 板書だけでは省略されている「なぜこの式になるのか」「矢印の意味」を【補足解説】として補う \n 3. 【この板書から学ぶべき最重要テイクアウェイ】（1行）	【板書テキスト清書】 \n ∫ f(x)dx = F(x) + C （Cは積分定数） \n 【補足】教授が口頭で言っていた「なぜCが必要か」の論理展開を補完して追記	スマホで斜めから撮った写真や、少し暗い教室の板書でもGemini 3.8 Flashは鮮明にテキスト化します。
3	3	講義・復習	ソクラテス式対話による概念理解チューター（答えを教えず導く）	問答を通じて本質的な自力理解を促す対話指導	Gemini 3.1 Pro (Thinking)	[理解したい概念・定理]	【ソクラテス式概念理解チューター】 \n あなたは学生の思考力を引き出す親身な大学チューターです。 \n 私は今、「[理解したい概念・定理]」について本質的に理解したいと考えています。 \n  \n 【対話ルール】 \n 1. 最初から答えや長い解説を一気に言わないでください。 \n 2. 私の現在の理解度を確かめる「シンプルな問い」を1つだけ投げかけてください。 \n 3. 私が返答したら、褒めつつ思考の穴を突く次の質問を投げかけ、段階的に私自身に気づかせてください。 \n 4. 私が完全に理解できた段階で、美しいまとめと概念図を提供してください。 \n  \n それでは、最初の問いかけからスタートしてください！	チューター：「まず、もしあなたが商品を売る側だとして、ライバルが値下げしたらどう行動しますか？そこからナッシュ均衡の考え方を一緒に紐解いていきましょう！」	「答えを教えて」ではなく「問いかけて」と指定することで、丸暗記ではない一生モノの深い理解が得られます。
4	4	講義・復習	専門用語の3段階解説（小学生・高校生・大学生レベル）	難解な概念を日常の例えから学術レベルまで噛み砕き	Gemini 3.8 Flash	[噛み砕いてほしい難解な用語]	【専門用語の3段階解説プロンプト】 \n 用語：「[噛み砕いてほしい難解な用語]」 \n  \n 上記の概念について、私の理解を深めるために以下の3段階のレベルで分かりやすく解説してください。 \n  \n ■ Level 1: 小学生にも伝わる解説（日常の身近な例え話のみを使用） \n ■ Level 2: 高校生・一般教養レベルの解説（概念の仕組みと世の中での活用例） \n ■ Level 3: 大学生・学術レベルの厳密な解説（定義、背景理論、学術的な重要性・限界） \n  \n 最後に、この概念を一言で表すキャッチコピーを添えてください。	🌱 小学生：学校の図書室でみんなが本を借りるルール \n 🏫 高校生：取引をみんなで監視して不正を防ぐデジタル帳簿 \n 🎓 大学生：P2P分散台帳技術と暗号学的ハッシュ関数による合意形成	ゼミ発表の冒頭や、就活で専門外の面接官に研究内容をわかりやすく説明する台本作りに最適です。
5	5	講義・復習	講義録音や参考動画のタイムスタンプ付き要点整理	動画・音声からタイムスタンプ付き目次と要点を抽出	Gemini 3.1 Pro (Thinking)	[講義音声のテーマ]	【講義録音・動画のタイムスタンプ付き要点整理】 \n 対象講義：[講義音声のテーマ] \n 添付の講義音声（またはYouTube動画URL）を分析し、効率的な復習ができるように以下のフォーマットで整理してください。 \n  \n 1. 【全体アジェンダと講義の流れ】 \n 2. 【タイムスタンプ付き要点まとめ】： \n    - [00:00] トピック名：話されていた核心と教授の補足コメント \n 3. 【教授が特に強調していた発言・伏線】： \n    - 「ここテストに出す」「大事なのは〜」といった口頭での強調事項 \n 4. 【理解度チェック小テスト】（復習用3問）	⏱️ [12:30] 教授「ここ、今年の期末試験にほぼ確実に出します」 \n ⏱️ [28:15] 重要な前提条件の例外ケースについての言及 \n ⏱️ [45:00] 次回までの課題レポートの評価基準	Geminiは1〜2時間の長い音声ファイルでも、タイムスタンプ付きで一瞬でインデックス化します。
6	7	講義・復習	難解な数式・アルゴリズムの直観的ビジュアル解説＆ステップ実行	数式の物理的意味の解剖とPython可視化コード提示	Gemini with Canvas	[可視化したい数式・アルゴリズム]	【難解な数式・アルゴリズムの直観的ビジュアル解説＆Pythonコード】 \n 対象：[可視化したい数式・アルゴリズム] \n  \n この内容について、直観的なイメージが掴めず苦戦しています。以下をお願いします。 \n  \n 1. 【物理的・幾何学的意味の直観解説】：数式に出てくる各記号（変数の意味）を日常生活やグラフの動きに例えて言語化してください。 \n 2. 【ステップバイステップの推移】：値がどう変化していくかをステップ順に解説してください。 \n 3. 【Python可視化コード】：Google ColabやJupyterでそのままコピペして実行できる、Matplotlib/Plotlyを用いたグラフ描画コードを作成してください。	Python (Matplotlib) コードを生成し、Canvas上に3D曲面グラフをその場でプレビュー描画。勾配降下の学習ステップ（ボールが谷を転がり落ちる様子）をアニメーション化！	Canvasを起動すると、右側のパネルでPythonグラフをそのままプレビュー・微調整できます。
7	8	講義・復習	講義内容の疑問点解消Q&Aジェネレーター（教授質問前の壁打ち）	疑問の所在を整理し教授への失礼のない質問文を策定	Gemini 3.8 Flash	[講義名と質問したい内容]	【教授質問前の論理整理＆失礼のない対面・メール質問文】 \n 講義名・相談内容：[講義名と質問したい内容] \n  \n 教授にオフィスアワーで質問に行く（またはメールする）にあたり、「自分で何も考えずに聞きに来た」と思われないよう、論理的で知的な質問文にブラッシュアップしてください。 \n  \n 【出力】 \n 1. 疑問の所在の学術的整理（何が前提で、どこで論理の矛盾・疑問が生じているか） \n 2. 対面オフィスアワー用の30秒質問トークスクリプト \n 3. メールで質問する場合の丁寧かつ簡潔なメール文面	「〇〇教授、オフィスアワーのお時間をいただきありがとうございます。講義で扱われた〇〇の理論について、自分なりに〇〇と仮説を立てたのですが、この理解で齟齬はございませんでしょうか」	「自分なりにここまで調べた」を明記することで、教授からの心象が劇的に良くなります。
8	11	講義・復習	ゼミ・グループディスカッションの発言アイデア＆論点整理	対立軸・批判的視点・30秒発言スクリプトを準備	Gemini 3.8 Flash	[ゼミ・GDの議論テーマ]	【ゼミ・グループディスカッション発言アイデア＆論点整理】 \n テーマ：[ゼミ・GDの議論テーマ] \n  \n ゼミやグループワークで建設的かつ知的な発言ができるよう、以下の3つの武器を準備してください。 \n  \n 1. 【議論の対立軸（補助線）の提示】：表面的な賛否を超えて、「本質的に何と何の対立なのか」を浮き彫りにする視点 \n 2. 【あえて逆の視点から突くキラークエスチョン】：議論が膠着したときに場を活性化させる問い \n 3. 【そのまま発言できる30秒スピーチ原稿】： \n    「私は〇〇の観点から〜と考えています。なぜなら〜」と簡潔に述べる発言テンプレート	💬 30秒スピーチ案：「私は効率性の観点から賛成ですが、同時に〇〇層への情報格差という対立軸も無視できないと考えます。特に〜」	発言に自信がない人でも、この30秒原稿をスマホにメモしておくだけでゼミで高評価を獲得できます。
9	16	レポート・論文	レポートの「問い（リサーチ・クエスチョン）」の壁打ちと具体化	漠然とした関心から検証可能な鋭い学術的問いへ具体化	Gemini 3.1 Pro (Thinking)	[漠然とした関心テーマ]	【レポートの「問い（リサーチ・クエスチョン）」壁打ち＆具体化プロンプト】 \n 私の漠然とした関心テーマ：[漠然とした関心テーマ] \n  \n 漠然とした関心から、大学の学術レポートとして評価される「鋭く、かつ検証可能なリサーチ・クエスチョン（RQ）」を導き出したいです。 \n  \n 以下の異なるアプローチでRQの候補を5つ提案し、それぞれの「検証に必要な先行研究・データの種類」と「予想される結論の方向性」をセットで提示してください。 \n - 切り口A：歴史的・推移的アプローチ（過去と現在の比較） \n - 切り口B：制度・政策的アプローチ（制度の課題と実態の乖離） \n - 切り口C：国際比較アプローチ（日本と諸外国の違い） \n - 切り口D：当事者・社会心理的アプローチ（受容や意識の変化） \n - 切り口E：逆説・定説疑義アプローチ（一般的に信じられている常識への問い直し）	🔍 RQ切り口案： \n 「なぜZ世代においてタイパ志向と同時に『フィルムカメラやレコード』への回帰現象が起きているのか？―体験の不可逆性に着目して」	「問い」が良いレポートは8割完成したも同然です。Gemini 3.1 Proの思考プロセスを活用しましょう。
10	18	レポート・論文	レポート構成案（章立て）のロジカルチェック＆論理の飛躍検証	アウトラインの論理破綻・根拠不足・結論の整合性を検証	Gemini with Canvas	[レポートのタイトル案と結論]	【レポート構成案（章立て）のロジカルチェック＆論理の飛躍検証】 \n タイトル案と結論：[レポートのタイトル案と結論] \n  \n 上記の構成案について、厳格な査読者（論文レフェリー）の視点でロジカルチェックを行ってください。 \n  \n 1. 【論理の飛躍・破綻の指摘】：問いに対する結論への道筋に無理がないか、前提が抜けていないか \n 2. 【根拠（エビデンス）の不足箇所の警告】：「ここでデータや先行研究を引用しないと説得力がない」ポイント \n 3. 【改善された洗練章立て案】：序論・本論（複数節）・結論が有機的につながる美しい見出し構成 \n 4. 【各章ごとの推奨文字数配分】	⚠️ 第2章から第3章への論理の飛躍を検知：前提となる先行研究の定義が抜けています。 \n ✨ 改善案：第2章に「2.2 既存モデルの限界」を新設し、論理の架け橋を構築	本文を書き始める前にこのチェックを通すと、後の大幅な書き直し手戻りがゼロになります。
11	19	レポート・論文	デビルズ・アドボケイト（悪魔の代弁者：徹底的な反論・反証提示）	主張の弱点や暗黙の前提に対する厳格な反論と防衛策	Gemini 3.1 Pro (Thinking)	[あなたの主張・仮説]	【デビルズ・アドボケイト（悪魔の代弁者：徹底的な反論・反証提示）】 \n 私のレポート/論文の主張・仮説： \n 「[あなたの主張・仮説]」 \n  \n あなたは今から、私の議論を論破しようとする最も手強い「悪魔の代弁者（批判的査読者）」です。 \n 私の論理の隙、暗黙の前提、盲点、反証となりうる具体例や例外を容赦なく5つ突きつけてください。 \n  \n 出力フォーマット： \n 各反論について： \n - 【批判ポイント】（どこが甘いか） \n - 【想定される反論の具体例/反証データ】 \n - 【私のレポートでの防御策・先回りした論述テクニック】（「確かに〜という批判もあるが、本稿では〜」の書き方）	😈 悪魔の代弁者：「あなたの主張には重大な反例があります。例えば2024年の〇〇調査では逆の結果が出ています。本文でどう反論しますか？」 \n 🛡️ 防御策：「確かに〜という懸念もあるが、本稿の対象は〜」	このプロンプトで出た反論を「〜という反論も想定されるが」と先回りして書くだけで最高評価（S）が狙えます。
12	20	レポート・論文	アカデミック・ライティングへの表現推敲＆トーン・マナー校正	口語・感想表現を客観的かつ引き締まった学術表現へ変換	Gemini with Canvas	[推敲したい文章の分野]	【アカデミック・ライティング表現推敲＆トーン・マナー校正】 \n 分野：[推敲したい文章の分野] \n 以下の文章は私が書いたレポートの下書きです。 \n 内容の主張・骨子を変えずに、大学の学術論文としてふさわしい、引き締まった客観的・学術的な日本語（アカデミック・トーン）に推敲してください。 \n  \n 【推敲ルール】 \n 1. 口語表現、感情的・主観的な感想（「〜だと思う」「〜ですごい」等）を排除し、客観的・論理的な記述に改める \n 2. 接続詞の整理（「だから」「だけど」→「したがって」「しかしながら」等） \n 3. 曖昧な表現の具体化 \n 4. 推敲前と推敲後の変更点および改善理由を一覧表で提示	Before: 「〜だと個人的にはすごい思う。」 \n After: 「〜であると推察される。この傾向は〇〇の知見とも整合的である。」 \n 改善理由：主観的感想を客観的学術論証へ昇華	Canvasを開いて左にプロンプト、右に下書きを置くと、インラインで修正差分がリアルタイム反映されます。
13	21	レポート・論文	文献引用フォーマット自動整形（APA, MLA, SIST02, シカゴ対応）	バラバラな書誌情報を指定の学術引用スタイルへ統一	Gemini 3.8 Flash	[指定スタイルと文献メモ]	【文献引用フォーマット自動整形（APA, MLA, SIST02対応）】 \n 指定引用スタイル・文献情報：[指定スタイルと文献メモ] \n  \n 以下の雑多な文献情報（URL、Web記事のタイトル、書籍の書誌メモ、論文情報など）を、指定の学術引用スタイルに厳密に従って整形してください。 \n  \n 【出力フォーマット】： \n 1. 本文中の引用表記（インライン引用例：(山田, 2024) 等） \n 2. 参考文献一覧（アルファベット順・五十音順でそのままコピペできる形式） \n 3. 情報が不足している項目（DOIや出版社名など）があれば警告リスト	📚 APA第7版整形完了： \n 山田 太郎. (2024). 『AI時代の学習論』. 東京大学出版会. \n 本文中引用形式：(山田, 2024, p. 45)	Amazonのリンクや論文タイトルをそのまま貼り付けるだけで、綺麗な文献リストが一瞬で完成します。
14	22	レポート・論文	図表・グラフの学術的解釈と言語化サポート（結果と考察の書き分け）	実験グラフから「事実（結果）」と「意味づけ（考察）」を分離	Gemini 3.8 Flash	[実験やグラフのテーマ]	【実験図表・グラフの学術的解釈と言語化（結果と考察の厳密な書き分け）】 \n 実験テーマ：[実験やグラフのテーマ] \n 添付のグラフ画像（またはデータ表）について、理系実験レポートや社会調査論文の「結果（Results）」と「考察（Discussion）」を明確に書き分けて言語化してください。 \n  \n 【必須ルール】 \n 1. 【結果（Results）】： \n    - グラフから客観的に読み取れる事実のみを記述する（感情や推測を一切入れない） \n    - 数値や増減の推移を客観的に記述 \n 2. 【考察（Discussion）】： \n    - なぜその結果が生じたのか、背景メカニズムや物理的・理論的解釈 \n    - 誤差要因や実験の限界、今後の検証課題	【結果（事実のみ）】「温度上昇に伴い、反応速度定数は指数関数的に増加した（図2）」 \n 【考察（解釈）】「これはアレニウスの式に従う活性化エネルギーの障壁低下に起因すると考えられる」	理系実験で最も減点されやすい「結果に考察を混ぜてしまうミス」を完璧に防げます。
15	23	レポート・論文	英語論文アブストラクト（要旨）の多言語相互翻訳＆洗練	日本語要旨を国際基準のAcademic Englishへ翻訳推敲	Gemini 3.1 Pro (Thinking)	[研究分野と要旨]	【英語論文アブストラクト（要旨）の相互翻訳＆ネイティブ学術校正】 \n 専攻分野：[研究分野と要旨] \n  \n 以下の日本語要旨（または英語ドラフト）を、国際学術水準のAcademic Englishに推敲してください。 \n  \n 【出力要件】 \n 1. 構造化アブストラクト（Background / Methods / Results / Discussion）の自然な英語への洗練 \n 2. 国際ジャーナルで好まれる洗練された学術ボキャブラリー・表現の採用 \n 3. 推敲のポイント（なぜその表現に変えたのかの解説） \n 4. キーワード（Keywords）5語の選定	Draft: "We investigated AI in school..." \n Polished: "This paper investigates the pedagogical efficacy of generative AI in higher education, demonstrating a statistically significant improvement..."	分野を指定することで、その学会特有の学術慣用句（コロケーション）にピタリと合わせてくれます。
16	25	レポート・論文	統計分析手法の選定ガイド（データの尺度と目的に応じた判定）	変数の尺度に応じた適切な統計検定法とコード例を提示	Gemini 3.1 Pro (Thinking)	[データと明らかにしたいこと]	【統計分析手法の選定ガイド（データの尺度と目的に応じた判定）】 \n 私の研究データと分析目的：[データと明らかにしたいこと] \n  \n 上記の条件に最も適した統計検定・分析手法（t検定、分散分析、カイ二乗検定、重回帰分析など）を判定し、以下を教えてください。 \n  \n 1. 【推奨する分析手法とその選定理由】（前提条件の確認含む） \n 2. 【分析の進め方ステップ】（正規性の確認、多重共線性のチェック等） \n 3. 【PythonまたはRでの実行コード例】 \n 4. 【論文での結果報告の記述フォーマット例】（p値、効果量、自由度の書き方）	📊 判定：独立変数が2群の名義尺度、従属変数が連続値のため【対応のないt検定（ウェルチの検定）】が最適。 \n Pythonコード（scipy.stats.ttest_ind）および論文記述例（t(48)=2.45, p<.05, d=0.71）を出力	統計手法の選択ミスは卒論審査での最大の減点ポイントです。事前にGeminiで裏取りしておきましょう。
17	26	レポート・論文	先行研究レビュー（文献サーベイ）のマトリクス比較表作成	複数論文の対象・手法・結論・限界を横断比較表に整理	Gemini 3.1 Pro (Thinking)	[研究テーマと比較したい論文]	【先行研究レビュー（文献サーベイ）のマトリクス比較表作成】 \n 研究テーマ：[研究テーマと比較したい論文] \n  \n 複数の先行研究を横断的に比較し、私の研究の「新規性（学術的ポジショニング）」を際立たせるための【文献比較マトリクス表】を作成してください。 \n  \n 【表の列項目】： \n - 著者・発行年 / 研究対象 / 採用手法 / 主な結論 / 残された課題 / 私の研究との相違点 \n 表の下に、論文の「先行研究の検討」章でそのまま使える要約パラグラフを作成してください。	先行研究A（山田, 2022）：対象=高校生、手法=アンケート、課題=長期効果の未検証 \n あなたの研究：対象=大学生、手法=縦断的追跡、新規性=長期的な認知負荷の変遷を解明！	論文PDFを複数添付するか、タイトルと要旨を貼り付けるだけで、美しい比較表にまとめてくれます。
18	33	就活・キャリア	企業IR・有価証券報告書の要約と「中期経営計画」からの重要論点抽出	IR資料から稼ぎ頭・重点成長分野・経営リスクを抽出	Gemini 3.1 Pro (Thinking)	[企業名と受ける職種]	【企業IR・有価証券報告書から「中期経営計画」の重要論点抽出】 \n 志望企業・職種：[企業名と受ける職種] \n 添付資料：[有価証券報告書や決算説明会資料のPDF、またはWebリンク] \n  \n 就職活動の企業研究・面接対策として、上記企業の「生きた経営課題と未来の注力分野」を抽出してください。 \n  \n 1. 【この企業の現在の稼ぎ頭（コア事業）と利益構造】 \n 2. 【中期経営計画における最重要投資領域（DX、海外展開、新事業等）】 \n 3. 【経営陣が認識しているリスクと弱点】 \n 4. 【同業他社との決定的な差別化ポイント】 \n 5. 【面接で「この学生、経営視点があるな」と思わせる逆質問・志望動機のヒント3つ】	📈 コア稼ぎ頭：クラウド基盤事業（利益率35%） \n 🎯 中計の最重要投資：ヘルスケアDXへの300億円投資 \n 💡 面接用逆質問：「中計で掲げられているヘルスケア領域の海外展開において〜」	有価証券報告書をそのまま投げ込むと、100ページ超の文書から就活に効くエッセンスだけを抜粋します。
19	35	就活・キャリア	面接最後の「逆質問」ジェネレーター（熱意と知性を伝える鋭い問い）	役職（経営陣／現場／人事）に応じた知的な逆質問を作成	Gemini 3.8 Flash	[志望企業と面接段階]	【面接最後の「逆質問」ジェネレーター（知性と熱意を伝える鋭い問い）】 \n 志望企業・面接フェーズ：[志望企業と面接段階] \n  \n 面接の終盤で必ず聞かれる「何か質問はありますか？」に対して、単なる労働条件の確認ではなく、「企業理解の深さ」と「入社後の活躍イメージ」を強烈に印象づける逆質問を提案してください。 \n  \n 【出力】 \n 1. 面接官の役職に応じた【ベスト逆質問3選】 \n 2. それぞれの質問を投げる「前置きトーク」（「御社の中計で〇〇と拝見したのですが〜」など） \n 3. なぜその質問が面接官に刺さるのかの心理的背景解説 \n 4. 【絶対に聞いてはいけないNG質問例】	🔥 役員に刺さる逆質問案： \n 「御社の中期経営計画で掲げられている欧州展開において、現場で最も障壁となっている現地のカルチャーギャップは何でしょうか？」	面接官の役職（若手現場か役員か）で刺さる質問は180度変わります。フェーズを指定して使い分けましょう。
20	36	就活・キャリア	インターンシップ・グループディスカッション（GD）対策シミュレーター	時間配分・前提定義・議論脱線時のキラーフレーズを網羅	Gemini 3.8 Flash	[GDのお題と担当ロール]	【インターン・グループディスカッション（GD）対策シミュレーター】 \n テーマと希望ロール：[GDのお題と担当ロール] \n  \n インターン選考のGDを突破するためのシミュレーションを実施してください。 \n  \n 1. 【議論の設計図（タイムマネジメント案）】：前提定義（5分）→ 発散（10分）→ 収束（10分）→ 発表（5分） \n 2. 【選考官が高評価をつける前提定義の枠組み】 \n 3. 【議論が脱線したときの神キラーフレーズ3選】（角を立てずに本題に戻す一言） \n 4. 【私が発言すべき最初の1手（議論の口火を切るセリフ）】	⏱️ GD開始3分：『まず議論が発散しないよう、今回のターゲットを【忙しい一人暮らし大学生】に絞りませんか？』 \n 🚨 脱線時キラーフレーズ：『面白いですね！ただ今回の目的である〇〇に立ち返ると〜』	GD直前の電車の中でこれを読んでおくだけで、議論の全体像が見えて冷静に立ち回れます。
21	37	就活・キャリア	挫折経験・短所のリフレーミング（自己PRへのポジティブ昇華）	短所や挫折を向上心・具体的な再発防止ルールへ昇華	Gemini 3.8 Flash	[コンプレックスや失敗経験]	【挫折経験・短所のリフレーミング（自己PRへのポジティブ昇華）】 \n 私の短所・失敗談：[コンプレックスや失敗経験] \n  \n 就活の面接やエントリーシートで、上記のネガティブな経験を「向上心」「自己客観視」「具体的な再発防止・改善行動」としてポジティブに伝えるストーリー（リフレーミング）に再構築してください。 \n  \n 【出力】 \n 1. 短所のポジティブな裏返し（強みとしての定義） \n 2. 失敗を成長に変えた「内省と具体的な行動変容ルール」 \n 3. 面接での回答スクリプト（300字程度・面接官が好感を持つ誠実なトーン） \n 4. 面接官からの鋭いツッコミ予想と切り返しトーク	挫折：サークル幹部で意見が対立し孤立 \n 昇華：「感情論で押し切る未熟さを痛感し、1対1の傾聴ルールと定量アンケートを導入。対立を建設的な改善提案へと転換する推進力を獲得」	面接官が見ているのは「失敗したこと」ではなく「そこから何を学んでどう行動を変えたか」です。
22	38	就活・キャリア	OB/OG訪問の依頼メール・事前質問シート・御礼メール完全パッケージ	アポ取り・事前質問・訪問後御礼のビジネスマナー3点セット	Gemini 3.8 Flash	[訪問相手の企業と職種]	【OB/OG訪問の完全パッケージ（アポ依頼・事前質問シート・御礼メール）】 \n 訪問相手：[訪問相手の企業と職種] \n  \n 社会人に「この学生はマナーがしっかりしていて会う価値がある」と思ってもらえる、以下の3点を作成してください。 \n  \n 1. 【日程調整・アポ依頼メール】（件名の工夫、候補日の提示方法、目的の明確化） \n 2. 【訪問前日に送る「事前質問シート（5選）」】（HPに載っていない現場の生の声を引き出す良問） \n 3. 【訪問終了後の当日中送付「御礼メール」】（お礼＋学んだことの具体的なアウトプット）	件名：【OB訪問のお願い】〇〇大学の〇〇です（〇〇様のご著書/インタビューを拝読して） \n 事前質問シート：『入社前と後で最もギャップを感じた現場のリアルな課題は何ですか？』	事前質問シートを前日に送っておくと、相手の社会人も準備しやすく満足度が跳ね上がります。
23	39	就活・キャリア	業界研究・競合3社のSWOT分析＆ポジショニングマップ言語化	大手3社の強み・弱み・社風・ポジショニングを比較分析	Gemini 3.8 Flash	[比較したい業界と主要3社]	【業界研究・競合3社のSWOT分析＆ポジショニングマップ言語化】 \n 対象業界・企業：[比較したい業界と主要3社] \n  \n 就活の「なぜA社なのか？B社やC社ではダメなのか？」に完璧に答えるための比較分析を行ってください。 \n  \n 1. 【3社のポジショニングマップ】（軸を設定し各社の位置付けを明確化） \n 2. 【各社のSWOT分析要約】（強み・弱み・機会・脅威） \n 3. 【社風・カルチャー・求める人物像の違い】 \n 4. 【「なぜ貴社なのか」の面接官を納得させる差別化フレーズ】（各社ごとに1パターンずつ）	A社：圧倒的な技術開発力とグローバル展開（軸：先進性×規模） \n B社：顧客密着型と手厚い保守運用（軸：信頼性×現場主義） \n 面接官封殺フレーズ：「B社様の手厚い現場主義と顧客伴走力こそが〜」	面接官が最も嫌う「それうちじゃなくてもできるよね？」を封殺する決定打になります。
24	40	就活・キャリア	Webテスト・SPI「非言語分野（推論・確率・損益算）」の解法プロセス徹底解説	非言語問題を解法分類・途中式省略なしでステップ解説	Gemini 3.1 Pro (Thinking)	[解きたいSPI問題の分野]	【Webテスト・SPI「非言語分野（推論・確率・損益算）」解法プロセス徹底解説】 \n 対象分野・問題：[解きたいSPI問題の分野] \n  \n このSPI/テストセンター問題の解き方が分かりません。数学が苦手な文系学生でも直感的に理解できるように、以下のステップで徹底解説してください。 \n  \n 1. 【問題のタイプ分類と使用する公式・定石】 \n 2. 【図や表を用いた状況の可視化】（ベン図、線分図、マトリクス表などの書き方） \n 3. 【途中式を1行も省略しないステップバイステップの計算手順】 \n 4. 【本番で30秒で解くための時短テクニック・裏ワザ】 \n 5. 【定着確認のための類題1問と解答】	解法ステップ（仕事算）： \n 全体を最小公倍数の「60」と置く！ \n Aの1日の仕事=60/10=6、Bの1日=60/15=4 \n 2人合計=10 → 60/10=6日！途中式完全省略なしで解説	問題集の写真をそのままスマホで撮ってGeminiに送るだけで、解法のステップを丁寧に解説してくれます。
25	41	就活・キャリア	内定承諾・辞退・面接日程変更のビジネスマナーメール作成	日程変更や内定辞退を誠意をもって角を立てずに伝える	Gemini 3.8 Flash	[メールの用件と企業名]	【内定承諾・辞退・面接日程変更のビジネスマナーメール作成】 \n 用件・企業名：[メールの用件と企業名] \n  \n 角を立てず、これまでの選考への感謝と誠意が伝わる、ビジネスマナーに則ったメール文面を作成してください。 \n  \n 【出力要件】 \n 1. 件名（一目で用件と大学名・氏名がわかる形式） \n 2. 本文（時候の挨拶、感謝の辞、明確な意思表明、理由のスマートな説明、結び） \n 3. 送信にあたっての注意点（送信時間帯、電話も併用すべきかの判断基準）	件名：【面接日程変更のお願い】〇次面接について（〇〇大学・氏名） \n 本文：誠意と感謝を伝えつつ、大学の学事日程（卒論発表等）を理由に代替候補日3つをスマートに提示	日程変更や辞退は精神的ストレスがかかる作業です。失礼のない文面をGeminiに作らせて安心を得ましょう。
26	46	語学・資格	TOEIC/TOEFL長文読解の精読・英文解釈・スラッシュリーディング	チャンク区切り・構文解析（SVOC）・語彙解説で返り読みを防止	Gemini 3.8 Flash	[読解したい英文トピック]	【TOEIC/TOEFL長文読解の精読・構文分解（スラッシュリーディング）】 \n 読解対象：[読解したい英文トピック] \n  \n この英文について、返り読みをせずに頭から直読直解できるように、以下の形式で徹底解剖してください。 \n  \n 1. 【文構造の完全分解（SVOC解析）】：主語、動詞、目的語、補語、修飾節を図解 \n 2. 【スラッシュリーディング用テキスト】：意味のまとまり（チャンク）ごとに「/」で区切り、下に直訳を付記 \n 3. 【重要語彙・イディオムの語源・コロケーション解説】 \n 4. 【TOEICで狙われる類似パラフレーズ（言い換え表現）】	[The committee [which was appointed last week]] (S) / recommended (V) / that the proposal be revised (O). \n 意味のまとまり（チャンク）ごとにスラッシュ区切り＆直訳付記	長文のスクショやPDFをそのまま貼り付けるだけでも高精度にチャンク分割してくれます。
27	47	語学・資格	Gemini Liveを活用した英会話スピーキング特訓パートナー	簡潔な返答と質問、優しい間違い指摘による英会話練習	Gemini Live	[練習したいトピック]	【Gemini Live英会話スピーキング特訓パートナー設定】 \n 練習トピック：[練習したいトピック] \n あなたは私の気さくで知的な英会話フレンドです。 \n  \n 【対話ルール】 \n 1. あなたの発言は常に「2〜3文以内」の簡潔な英語にしてください（私が話す時間を最大化するため）。 \n 2. 必ず最後に私へのカジュアルな質問を1つ添えてボールを返してください。 \n 3. 私の英語に不自然な表現があった場合は、発言の冒頭で「💡 Better way: 〜」と1行だけ自然な言い回しを提示してから会話を続けてください。 \n  \n それでは、"Hey! How's your day going?" からスタートしてください！	Gemini: "Hey! If you had a month off and unlimited budget, where in the world would you go first?"（簡潔な2文＋問いかけであなたの発話時間を最大化）	スマホのGeminiアプリでGemini Live（マイクボタン）を押し、このプロンプトを投げて英会話を始めましょう。
28	48	語学・資格	英文エッセイのネイティブ添削（文法・不自然なコロケーション・学術トーン）	文法ミスや不自然な連語を学術的な自然な英語に修正	Gemini with Canvas	[エッセイの課題・目的]	【英文エッセイのネイティブ添削（学術トーン・不自然なコロケーション修正）】 \n 課題・目的：[エッセイの課題・目的] \n  \n ネイティブの大学教授の視点で、以下の3段階で推敲・添削してください。 \n  \n 1. 【校正済み完成英文】（文法エラー修正、不自然な直訳英語を自然なAcademic Englishへ昇華） \n 2. 【修正箇所の一覧表】：元の表現 → 修正後の表現 → 修正理由（ニュアンスの違い） \n 3. 【より高度な表現へのアップグレード提案】	Before: "A lot of people think that..." \n After: "A prevailing consensus among scholars posits that..." \n コロケーションの不自然さを解消し、洗練されたアカデミック英語へ修正	単なるスペルチェックにとどまらず、「学術的に響く語彙の選び方」まで教えてくれます。
29	49	語学・資格	英語シャドーイング用スクリプト作成と音声変化（リンキング・脱落）解説	リンキングやリダクションなどの音声変化を可視化解説	Gemini 3.8 Flash	[練習したい英文テキスト]	【英語シャドーイング用スクリプト作成＆音声変化（リンキング・脱落）解説】 \n 題材テキスト：[練習したい英文テキスト] \n  \n この英文を流暢にシャドーイングできるよう、ネイティブ特有の「音声変化（音のつながり・脱落）」を可視化した発音ガイドを作成してください。 \n  \n 【出力要件】 \n 1. 【発音変化マーク付きスクリプト】：リンキング、脱落、フラップのTをカタカナ発音併記で可視化 \n 2. 【音声変化のポイント解説】（日本人にとって聞き取り・発音しづらい箇所Top 3） \n 3. 【おすすめのシャドーイング練習手順（3ステップ）】	音声変化可視化： \n Check it out → "チェケラウ" \n What are you doing? → "ワダヤ ドゥーイン" \n リンキング（下線）と脱落（カッコ）で耳から聞こえる音を完全再現	リスニングが苦手な理由は「自分が発音できない音は聞き取れない」からです。記号通りに声に出しましょう。
30	51	語学・資格	留学先シチュエーション別リアル英会話ロールプレイ（オフィスアワー・ルームメイト）	期限延長交渉や生活トラブルを想定した実践的な英会話訓練	Gemini 3.8 Flash	[交渉シチュエーション]	【留学先シチュエーション英会話ロールプレイ（オフィスアワー・家主交渉）】 \n 場面設定：[交渉シチュエーション] \n  \n あなたは上記の相手役（教授 / 大家 / ルームメイト）になりきってください。 \n 私は日本人留学生としてあなたに交渉します。 \n  \n 【進行ルール】 \n 1. リアルな英語の受け答えで、1回につき1〜2往復ずつ対話を進めてください。 \n 2. 留学生に対して最初は少し厳しめ（簡単に首を縦に振らない）のリアルな反応をしてください。 \n 3. 私の英語が通じているか、交渉として説得力があるかを判定し、対話終了後に【交渉英語のアドバイス】をください。	Prof: "I understand you've been unwell, but the syllabus states no extensions without prior notice. What evidence can you provide?"（リアルな交渉シミュレーション）	留学先で最も緊張する「権利の主張・交渉」の予行演習に最適です。
31	52	語学・資格	留学志望理由書（Statement of Purpose: SOP）の構成＆ストーリー構築	国際標準の5段落構成で説得力ある出願志望理由書を作成	Gemini 3.1 Pro (Thinking)	[志望留学先と研究テーマ]	【海外大学院・交換留学志望理由書（Statement of Purpose: SOP）構築】 \n 志望先・研究テーマ：[志望留学先と研究テーマ] \n  \n 欧米の大学・大学院審査官に刺さる、国際標準の5段落構成によるSOP（志望理由書）のアウトラインと説得力あるストーリー展開を構築してください。 \n  \n 【構成案】： \n - Paragraph 1: Hook & Core Motivation（強い動機と原点） \n - Paragraph 2: Academic Background & Research Experience（学術実績） \n - Paragraph 3: Specific Reasons for Choosing This University（なぜここなのか） \n - Paragraph 4: How I Will Contribute to the Community（貢献） \n - Paragraph 5: Long-term Career Vision & Conclusion（将来展望）	Paragraph 1: フックとなる知的好奇心の原点 \n Paragraph 2: 学術的実績とリサーチスキル \n Paragraph 3: なぜハーバードの〇〇研究室でなければならないのか	単なる自己PRではなく「大学と自分の利害がいかに一致しているか」を論理構築できます。
32	53	語学・資格	第二外国語（中国語・仏・独・韓・西等）の文法つまずきポイント解消コーチ	格変化や時制など日本人がつまずきやすい項目を整理解説	Gemini 3.8 Flash	[学習言語とつまずき単元]	【第二外国語（中国語・仏・独・韓・西等）のつまずき文法コーチ】 \n 言語・単元：[学習言語とつまずき単元] \n  \n 日本人学習者がこの単元で100%つまずく原因を解明し、スッキリ腑に落ちる解説をしてください。 \n  \n 1. 【なぜ日本人はここで混乱するのか】（日本語との発想の根本的違い） \n 2. 【一目でわかる整理表・マトリクス】 \n 3. 【覚えるべき「基本例文3つ」】（ネイティブが日常で頻出する短い文） \n 4. 【理解度チェックテスト】（3問・解説付き）	🇩🇪 ドイツ語の4格変化解剖： \n 「der/die/das」がなぜ「den/die/das」に変わるのか？日本語の「〜を」に当たる目的格のメカニズムをマトリクスで図解！	第二外国語の単位を落としそうなときの駆け込み寺として絶大な効果を発揮します。
33	50	語学・資格	資格試験（ITパスポート、簿記、基本情報等）の暗記用「語呂合わせ」生成	覚えにくい用語やアルゴリズムを語呂合わせとストーリーで定着	Gemini 3.8 Flash	[資格名と覚えたい用語]	【資格試験（ITパスポート・簿記・宅建等）の暗記用「語呂合わせ」生成】 \n 対象資格・用語：[資格名と覚えたい用語] \n  \n 上記の項目を絶対に忘れないように、インパクトのある「語呂合わせ」「ストーリー仕立てのイメージ記憶法」を作成してください。 \n  \n 【出力要件】 \n 1. クスッと笑える、または情景が目に浮かぶ語呂合わせ \n 2. 語呂合わせと用語の対応関係の図解 \n 3. その用語が試験でどう問われるかのワンポイント出題パターン解説	【ITパスポート暗記】 \n OSI参照モデル7層の語呂合わせ： \n 「アプセトネデブ（アプ・セ・ト・ネ・デ・ブ）」 \n ＝ アプリ/プレゼン/セッション/トランス/ネット/データ/物理	無味乾燥な記号や英略語を脳に焼き付ける最強の記憶ハックです。
34	56	開発・IT	プログラミングのエラーログ・スタックトレースのトラブルシューティング	エラー文の意味・原因特定・修正コード・予防策を提示	Gemini 3.8 Flash	[言語・フレームワークとエラー]	【プログラミングのエラーログ・スタックトレース即時トラブルシューティング】 \n 環境・エラー：[言語・フレームワークとエラー] \n  \n このエラーが発生してプログラムが止まってしまいました。以下のフォーマットで原因と修正方法を教えてください。 \n  \n 1. 【エラーの一言要約】：何が起きたのかを平易な日本語で1行解説 \n 2. 【根本原因】：なぜこのエラーが発生したのか \n 3. 【修正コード】：コピペで動く修正済みコード（差分コメント付き） \n 4. 【再発防止策】：今後同じエラーを出さないためのベストプラクティス	🚨 IndexError: list index out of range \n 原因：ループ変数iがリストの長さを1超えています。 \n 修正：range(len(items)) を enumerate(items) に書き換えれば一発解消！	コンソールに出た真っ赤なエラー画面をそのままスクショして貼るだけでもOKです。
35	57	開発・IT	Pythonコードのリファクタリング（可読性向上・PEP8準拠・高速化）	命名改善・ネスト削減・型ヒント付与で保守性の高いコードへ改善	Gemini with Canvas	[リファクタリングしたいコードの目的]	【Pythonコードのリファクタリング（可読性向上・PEP8準拠・高速化）】 \n 対象コード概要：[リファクタリングしたいコードの目的] \n  \n Pythonのプロフェッショナルエンジニアとして、以下の観点でリファクタリングしてください。 \n  \n 1. 【PEP8準拠・可読性向上】：適切な命名、ネストの解消 \n 2. 【型ヒント（Type Hints）の付与】 \n 3. 【Pythonicな書き方への変換】：内包表記、組み込み関数（zip, enumerate）の活用 \n 4. 【実行速度・メモリ効率の改善提案】 \n 5. 【リファクタリング後の完成コード】	Before: 5重のネストとベタ書きforループ \n After: リスト内包表記と型ヒント付きの関数へリファクタリング。可読性向上＆実行速度が約2.8倍に高速化！	課題のコードを提出する前にこれを通すだけで、採点官からの評価が劇的に上がります。
36	58	開発・IT	自然言語の仕様・要件定義からアルゴリズム実装＆解説	仕様要件から関数設計・例外処理・テスト用コードを自動生成	Gemini with Canvas	[作りたいプログラムの要件]	【自然言語の仕様・要件からアルゴリズム実装＆解説】 \n 作りたい要件：[作りたいプログラムの要件] \n  \n 上記の自然言語の要望から、実用的なプログラムを設計・実装してください。 \n  \n 【出力要件】 \n 1. 【設計概要】：どのようなアプローチ・データ構造を採用するか \n 2. 【完成ソースコード】：コメント付きで、そのまま動く完全なコード \n 3. 【例外処理・エッジケース対応】：空の入力や不正データへの配慮 \n 4. 【実行確認用のテスト実行例と期待される出力】	要件：「学食の混雑シミュレーション」 \n → 学生エージェントクラス、レジ待ち行列（queue.Queue）、ポアソン到着モデルを組み合わせた完全動作Pythonコードを自動生成！	「こういうことがしたい」と口語で伝えるだけで、綺麗なモジュール設計コードを返してくれます。
37	59	開発・IT	初心者向けデータ構造とアルゴリズムのステップバイステップ実行シミュレーション	ソートや二分木等の変数値・ポインタの推移を1手ずつ可視化	Gemini 3.8 Flash	[理解したいアルゴリズム]	【初心者向けデータ構造とアルゴリズムのステップバイステップ実行シミュレーション】 \n 対象：[理解したいアルゴリズム] \n  \n このアルゴリズムの動作原理が頭に入ってきません。コンピュータの内部で変数値やポインタがどう動いているかを、1ステップ（1手）ずつ文字とアスキーアートで可視化して実況中継してください。 \n  \n 【実況中継フォーマット】： \n - Step 1: 初期状態 \n - Step 2: 比較・ポインタ移動 \n - Step 3: スワップ・更新 \n 最後に、計算量（時間計算量 O記法）を解説してください。	Step 1: [5, 2, 9, 1, 7] ピボット=5 \n Step 2: 左から5以上、右から5以下を探索 → 9と1をスワップ！ \n アスキーアートでポインタの動きを1コマずつ実況中継	情報系の講義や基本情報技術者試験のアルゴリズム問題対策に抜群の理解力を生みます。
38	60	開発・IT	Pandas / Matplotlib / Seabornによるオープンデータ可視化＆基礎分析	欠損値処理・要約統計量・散布図・相関ヒートマップの描画	Gemini with Canvas	[分析したいデータと目的]	【Pandas / Matplotlib / Seabornによるオープンデータ可視化＆基礎分析】 \n 分析目的：[分析したいデータと目的] \n  \n データサイエンス・卒業研究の基礎分析として、Pythonで以下の分析と可視化を行うコードを作成してください。 \n  \n 1. 【データ読み込み＆クリーニング】：欠損値処理、型変換、要約統計量 \n 2. 【可視化グラフ描画（Seaborn/Matplotlib）】： \n    - 分布の把握（ヒストグラム / 箱ひげ図） \n    - 変数間の関係（相関ヒートマップ） \n    - 日本語フォント対応設定 \n 3. 【グラフから得られるインサイトの学術的解説】	Seabornによるヒートマップ＆散布図マトリクスを描画。日本語フォント設定（japanize-matplotlib）も完備した即実行可能コードを出力！	CSVをアップロードするだけで、GeminiがPython環境内で実際にグラフを描いてくれます。
39	61	開発・IT	ユニットテスト（pytest / unittest）の自動生成と境界値分析	正常系および境界値・異常系を網羅した単体テストを自動作成	Gemini 3.8 Flash	[テストしたい関数の概要]	【ユニットテスト（pytest / unittest）自動生成と境界値分析】 \n 対象関数：[テストしたい関数の概要] \n  \n ソフトウェア工学の品質基準に基づき、上記の関数に対するpytestテストコードを網羅的に作成してください。 \n  \n 【作成すべきテストケース】 \n 1. 【正常系テスト】：代表的な入力に対する期待値の検証 \n 2. 【境界値分析（バウンダリテスト）】：0、空文字、最大値、最小値などの境界ケース \n 3. 【異常系・例外処理テスト】：不正な型やNoneが入ったときのエラー検証 \n 4. @pytest.mark.parametrize を活用したクリーンなコード	@pytest.mark.parametrize("input,expected", [ \n     (0, 0), (1, 1), (-1, ValueError), (sys.maxsize, ...) \n ]) \n 境界値（0, 最大値, 負の数）を網羅した単体テストコードを即時生成	テストコードを書く時間を9割削減し、研究室やインターン先での開発品質を一気にプロ級にします。
40	62	開発・IT	SQLクエリの作成・パフォーマンス最適化（EXPLAIN解説付き）	JOINや集計を含むクエリ作成とインデックス最適化アドバイス	Gemini 3.8 Flash	[テーブル情報と取得要件]	【SQLクエリ作成＆パフォーマンス最適化（EXPLAIN解説付き）】 \n 要件：[テーブル情報と取得要件] \n  \n 上記の要件を満たすクリーンなSQLクエリを作成し、パフォーマンス最適化のアドバイスをしてください。 \n  \n 【出力要件】 \n 1. 【要件を満たすSQLクエリ】（インデント・エイリアスが整った見やすいコード） \n 2. 【クエリの解説】：JOINや集計関数の意図 \n 3. 【パフォーマンス解説（EXPLAIN実行計画の予測）】：インデックス（INDEX）設計のアドバイス	クエリ：SELECT u.id, MAX(o.created_at) FROM users u LEFT JOIN orders o ... \n EXPLAIN解説：「orders.user_id に複合インデックスを追加することでフルスキャンを回避可能」	複雑なサブクエリや多対多のリレーションも、要件を日本語で伝えるだけで一瞬で構築できます。
41	64	開発・IT	Gitコマンド＆GitHub運用（コンフリクト解消・ブランチ運用）のトラブルシューティング	競合解消やコミット取り消しの安全なコマンド手順を解説	Gemini 3.8 Flash	[Gitで発生したトラブル]	【Gitコマンド＆GitHub運用（コンフリクト解消・コミット取り消し）救命ガイド】 \n 現在の状況：[Gitで発生したトラブル] \n  \n Git初心者の学生が安全に現状を復旧できるように、以下の手順を丁寧に教えてください。 \n  \n 1. 【パニック防止】：現状で絶対にやってはいけないNG操作の警告 \n 2. 【現在の状態確認コマンド】：`git status` や `git log` で状況を正確に把握する手順 \n 3. 【ステップバイステップの安全な復旧コマンド】：1行ずつコピペして実行できる救済コマンド列 \n 4. 【今後のチーム開発運用ルール】（ブランチ運用の基礎）	🚨 パニック停止！今すぐ git merge --abort を実行すれば元の安全な状態に戻せます。 \n 競合解消手順：VS Codeでマージコンフリクトを1ファイルずつ採用するコマンドをステップ解説	Gitで詰まったら、無理に弄る前にこのプロンプトで状況を診断してもらいましょう。
42	68	学生生活	サークル・学園祭イベントの企画書＆タイムテーブル・役割分担表作成	出店や新歓のタイムテーブル・役割分担・リスク管理表を作成	Gemini 3.8 Flash	[イベント企画の概要]	【サークル・学園祭イベントの企画書＆タイムテーブル・役割分担表作成】 \n イベント概要：[イベント企画の概要] \n  \n イベントを大成功させるための、幹部・メンバー全員で共有できる企画運営パッケージを作成してください。 \n  \n 1. 【イベントコンセプト＆目標】（来場者満足度、売上目標など） \n 2. 【当日のタイムテーブル（分単位）】：搬入、リハーサル、本番、撤収 \n 3. 【役割分担マトリクス】：責任者、シフト配置、備品調達係 \n 4. 【リスクマネジメント・トラブル想定チェックリスト】：雨天時の対応、食品衛生、機材トラブル	🎪 タイムテーブル案： \n 08:00 搬入・設営開始 \n 10:00 オープン・役割シフト交代（30分刻み） \n 17:00 完売・撤収・売上金集計 \n 雨天時対応フローチャート完備！	学祭やサークルの幹事になったらまずこれを走らせると、準備の抜け漏れが完全に防げます。
43	69	学生生活	部費・イベント収支予算書（Googleスプレッドシート用計算式付き）作成	合宿・イベントの収支計算式（SUM/IF）付きTSVテンプレート作成	Gemini 3.8 Flash	[合宿・イベントの予算規模]	【部費・イベント収支予算書（スプレッドシート数式付きTSV）作成】 \n 予算規模：[合宿・イベントの予算規模] \n  \n Googleスプレッドシートにそのままコピペして使える、計算式付きの【収支予算書テンプレート】を作成してください。 \n  \n 【要件】 \n 1. 収入の部と支出の部の明細 \n 2. 予備費（突発的な支出に備えるバッファ計算） \n 3. 自動計算式（SUM関数、参加人数連動の掛け算式）を含むタブ区切り（TSV）形式 \n 4. 会計担当者がチェックすべき領収書管理の注意点	スプレッドシート用TSV出力： \n 項目 単価 人数 小計 \n 宿泊費 ¥8,000 =B2*C2 \n 交通費 ¥3,500 =B3*C3 \n 合計：=SUM(D2:D10) をそのまま貼り付け可能！	出力された表をスプレッドシートに貼り付けるだけで、綺麗な予算管理シートが一瞬で立ち上がります。
44	73	学生生活	大学内の人間関係・友人・グループワークのモヤモヤ相談＆客観的助言	課題を進めないメンバーへの角を立てないLINE催促文と相談法	Gemini 3.8 Flash	[グループワークの状況と相手]	【グループワークで進捗を出さないメンバーへの角が立たないLINE催促文＆相談】 \n 状況：[グループワークの状況と相手] \n  \n 今後の関係性を険悪にせず、相手の自尊心を傷つけずに、しかし確実にタスクを進めてもらうための【LINE送信文案】を3パターン作成してください。 \n  \n - パターンA：【超マイルド・体調気遣い型】（忙しいところごめん！体調大丈夫？〜） \n - パターンB：【役割分担・選択肢提示型】（もし手が回らなければ〇〇の部分だけ引き受けるよ、どう？） \n - パターンC：【締め切り明示・共同責任型】（提出期限が迫ってて全体が止まっちゃうから〜） \n  \n さらに、もし返信がない場合の【教授への相談・報告の仕方】を添えてください。	📱 マイルド催促LINE案： \n 「〇〇君お疲れさま！進み具合どんな感じかな？もし忙しくて手一杯なら、自分のパートと分担調整するから気軽に教えてね🙌 今日の夜一度確認させて！」	大学生の最もストレスフルな悩みを精神衛生を保ったまま解決する、共創イベント特製プロンプトです。
45	74	学生生活	プレゼン発表前の緊張ほぐし・スピーチあがり症対策コーチ	発表直前の呼吸法・冒頭30秒のマインドセット・発声法を指導	Gemini Live	[発表の場と不安な点]	【プレゼン発表前の極度の緊張ほぐし・スピーチあがり症対策コーチ】 \n 発表の場：[発表の場と不安な点] \n  \n 発表直前の私の緊張をほぐし、最高のパフォーマンスを出すためのメンタルコーチングをしてください。 \n  \n 1. 【今すぐできる自律神経調整法】：その場でできる呼吸法と姿勢のリセット \n 2. 【マインドセットのリフレーミング】：緊張＝「体がエネルギーを充填している証拠」としての捉え直し \n 3. 【冒頭30秒を乗り切るための鉄則】：最初の一声の出し方と、聴衆のどこを見るべきか \n 4. 【質疑応答で分からない質問が来たときの魔法の切り返しフレーズ】	🫁 4-7-8呼吸法：4秒吸って、7秒止めて、8秒で吐き出す。 \n 💡 魔法の切り返しフレーズ：「大変鋭いご指摘ありがとうございます。その観点については本研究の今後の検証課題として〜」	発表直前にスマホで読んで深呼吸してください。緊張が力に変わります。
46	75	学生生活	大学・財団・公募奨学金の「申請理由書・家庭環境調書」の推敲	経済的困窮度と向学心を誠実に伝える奨学金理由書の推敲	Gemini 3.1 Pro (Thinking)	[奨学金の種類と専攻]	【大学・財団奨学金の「申請理由書・家庭環境調書」推敲プロンプト】 \n 申請先・専攻：[奨学金の種類と専攻] \n  \n 選考委員に「この学生にこそ奨学金を与えて学問を支援すべきだ」と強く納得してもらうための、誠実で説得力ある【奨学金申請理由書】を推敲してください。 \n  \n 【推敲の指針】 \n 1. 単なる「お金がなくて困っている」という同情嘆願に終わらせず、「経済的困難にもかかわらず、これほど強い向学心を持って勉学に励んでいる」という前向きな姿勢を強調する \n 2. 卒業後の社会貢献・進路ビジョンと現在の学びの連動 \n 3. 規定文字数に合わせた美しい段落構成	推敲ポイント：「単なる経済的困窮の嘆願ではなく、困難な環境下でもGPA 3.6を維持した向学心と、将来〇〇分野で社会還元する意志を論理的に結節」	給付型奨学金の審査では「向学心」と「計画性」の論理的言語化が採否を分けます。
47	76	学生生活	サークル・学祭告知ポスター＆SNS用キービジュアル高品質画像生成	イベントやサークルの世界観を伝える美麗なポスター＆スライド用キービジュアルを一発生成	Gemini 3.1 Flash Image	[企画名やテーマ], [スタイル指定], [アスペクト比]	【サークル・学祭告知ポスター＆SNS用 高品質画像生成】 \n 以下の大学イベントやサークル企画を彩るための、目を引く高品質な告知ビジュアル画像を生成してください。 \n  \n ■ 企画テーマ：[企画名やテーマ] \n ■ 対象ターゲット：大学生活を楽しむ学生・一般来場者 \n ■ スタイル指定： \n   - [スタイル指定] \n   - 映画のワンシーンのような美しいライティングと奥行き感、微細な質感描写 \n ■ 構図・配置： \n   - 中央に企画を象徴する象徴的なオブジェクトや情景をダイナミックに配置 \n   - 上部または周囲に告知文字（タイトルや日時）を後から入れるための余白（ネガティブスペース）を確保 \n ■ 縦横比（アスペクト比）：[アスペクト比] \n  \n ※人物が登場する場合は、自然で生き生きとした表情と躍動感のあるポーズで描写してください。	✦ スタイル：サイバーネオン × ポップストリート \n ✦ 解像度：高解像度キービジュアル \n ✦ 構図：中央に象徴モチーフ＋文字入れ用余白確保 \n ✦ 活用法：Instagram投稿背景やCanva・スライド表紙にそのまま使える！	Gemini 3.1 Flash Imageは日本語プロンプトの繊細なニュアンスも忠実にビジュアル化します。上のプリセットボタンを押すだけでスタイルやサイズが一瞬で切り替わります！
48	77	学生生活	教授への連絡・相談メール（オフィスアワー予約・欠席連絡・推薦状依頼）	件名形式・時候の挨拶・配慮事項を押さえた失礼のない教授宛メール	Gemini 3.8 Flash	[用件と教授のお名前]	【大学教授への失礼のない連絡メール（アポ・欠席・推薦状・相談）】 \n 用件：[用件と教授のお名前] \n  \n 大学の教授に対して絶対に失礼がなく、教授側も一読で内容を把握して返信しやすい、完璧なビジネスメールを作成してください。 \n  \n 【出力要件】 \n 1. 件名（【講義名】用件 ＋ 所属・学籍番号・氏名） \n 2. 本文（正しい敬称、挨拶、用件の簡潔な伝達、相手の手間を減らす配慮、結び） \n 3. 添付ファイルが必要な場合（診断書、推薦書下書き等）の言及文 \n 4. 教授宛メールで学生がやりがちなNGマナーの注意書き	件名：【オフィスアワー面談のお願い】経済学部3年 氏名（学籍番号） \n 本文：失礼のない時候の挨拶＋希望候補日時3つを明記＋教授側の返信負担を最小化するフォーマット	教授宛メールはマナー違反で怒られたり無視されたりする不安を解消する、大学生必携のプロンプトです。
49	78	学生生活	大学生のうちに読むべき「教養・専門名著」キュレーション＆読書案内	専攻・異分野・現代社会・思考枠組みを深める名著5冊を推薦	Gemini 3.1 Pro (Thinking)	[専攻と関心のあるテーマ]	【大学生のうちに読むべき「教養・専門名著」キュレーション＆読書案内】 \n 専攻・関心：[専攻と関心のあるテーマ] \n  \n 大学時代に読むことで物事の解像度が劇的に上がる「必読の名著5冊」を推薦してください。 \n  \n 【各書籍の案内フォーマット】 \n 1. 書名・著者・出版年 \n 2. 【この本が提起する最大の問い】（何について考えさせられる本か） \n 3. 【大学生の今読むべき理由】（将来の思考の骨格にどう役立つか） \n 4. 【最も刺激的なキーフレーズ・概念】 \n 5. 挫折せずに読み通すための読書アドバイス	📖 推薦：『反脆弱性』（ナシーム・タレブ） \n 核心の問い：「不確実性と混乱を味方につけて強くなるシステムとは何か？」 \n 大学生が読むべき理由：将来のキャリア選択でリスクをチャンスに変える思考骨格を獲得	ただの本の要約ではなく「今の自分の専攻とどう繋がるか」をGeminiに語らせると最高に刺激的です。
50	80	学生生活	学期初めの目標設定（OKR / SMARTの法則）と振り返りシステムの構築	SMART法則に基づく学期目標・行動ルーティン・週末KPT振り返り	Gemini 3.8 Flash	[学期で達成したいこと]	【学期初めの目標設定（OKR / SMARTの法則）とセルフマネジメント構築】 \n 目標：[学期で達成したいこと] \n  \n 目標倒れにならず、日々の行動に落とし込める「学期マネジメント計画」を構築してください。 \n  \n 1. 【SMARTの法則による目標の定量化】（具体的、測定可能、達成可能、関連性、期限） \n 2. 【習慣化のための日次・週次ルーティン設計】（If-Thenプランニング） \n 3. 【中間チェックポイント】（学期の中盤で見直す指標） \n 4. 【毎週日曜日の15分KPT振り返りフォーマット】（Keep / Problem / Try）	🎯 SMART学期目標： \n 「毎日図書館で15分論文を読む（If-Then習慣化）」 \n 週末15分KPT振り返り（Keep / Problem / Try）で目標倒れを完全防止！	目標を立てるだけで終わらせず、毎週の振り返りテンプレートまで作っておくことで継続率が激変します。